{"ThemeName":"Jungle","ThemeColors":[{"GradientName":"Enchant Color","Color":{"serializedVersion":"2","key0":{"r":0.16625775396823884,"g":0.800000011920929,"b":0.12156863510608673,"a":1.0},"key1":{"r":0.05105080455541611,"g":0.3962264060974121,"b":0.0205589197576046,"a":1.0},"key2":{"r":0.0,"g":0.0,"b":0.0,"a":0.0},"key3":{"r":0.0,"g":0.0,"b":0.0,"a":0.0},"key4":{"r":0.0,"g":0.0,"b":0.0,"a":0.0},"key5":{"r":0.0,"g":0.0,"b":0.0,"a":0.0},"key6":{"r":0.0,"g":0.0,"b":0.0,"a":0.0},"key7":{"r":0.0,"g":0.0,"b":0.0,"a":0.0},"ctime0":0,"ctime1":65535,"ctime2":0,"ctime3":0,"ctime4":0,"ctime5":0,"ctime6":0,"ctime7":0,"atime0":0,"atime1":65535,"atime2":0,"atime3":0,"atime4":0,"atime5":0,"atime6":0,"atime7":0,"m_Mode":0,"m_NumColorKeys":2,"m_NumAlphaKeys":2},"Type":0},{"GradientName":"Max Color","Color":{"serializedVersion":"2","key0":{"r":0.349056601524353,"g":0.2507034242153168,"b":0.13336597383022309,"a":1.0},"key1":{"r":0.6792452931404114,"g":0.4508798122406006,"b":0.2274831086397171,"a":1.0},"key2":{"r":0.0,"g":0.0,"b":0.0,"a":0.0},"key3":{"r":0.0,"g":0.0,"b":0.0,"a":0.0},"key4":{"r":0.0,"g":0.0,"b":0.0,"a":0.0},"key5":{"r":0.0,"g":0.0,"b":0.0,"a":0.0},"key6":{"r":0.0,"g":0.0,"b":0.0,"a":0.0},"key7":{"r":0.0,"g":0.0,"b":0.0,"a":0.0},"ctime0":0,"ctime1":65535,"ctime2":0,"ctime3":0,"ctime4":0,"ctime5":0,"ctime6":0,"ctime7":0,"atime0":0,"atime1":65535,"atime2":0,"atime3":0,"atime4":0,"atime5":0,"atime6":0,"atime7":0,"m_Mode":0,"m_NumColorKeys":2,"m_NumAlphaKeys":2},"Type":1},{"GradientName":"Normal Color","Color":{"serializedVersion":"2","key0":{"r":0.04036574438214302,"g":0.6037735939025879,"b":0.014239940792322159,"a":1.0},"key1":{"r":0.03533315658569336,"g":0.5,"b":0.0,"a":1.0},"key2":{"r":0.0,"g":0.0,"b":0.0,"a":0.0},"key3":{"r":0.0,"g":0.0,"b":0.0,"a":0.0},"key4":{"r":0.0,"g":0.0,"b":0.0,"a":0.0},"key5":{"r":0.0,"g":0.0,"b":0.0,"a":0.0},"key6":{"r":0.0,"g":0.0,"b":0.0,"a":0.0},"key7":{"r":0.0,"g":0.0,"b":0.0,"a":0.0},"ctime0":0,"ctime1":65535,"ctime2":0,"ctime3":0,"ctime4":0,"ctime5":0,"ctime6":0,"ctime7":0,"atime0":0,"atime1":65535,"atime2":0,"atime3":0,"atime4":0,"atime5":0,"atime6":0,"atime7":0,"m_Mode":0,"m_NumColorKeys":2,"m_NumAlphaKeys":2},"Type":2},{"GradientName":"Ui Color","Color":{"serializedVersion":"2","key0":{"r":0.36115968227386477,"g":0.800000011920929,"b":0.12156863510608673,"a":1.0},"key1":{"r":1.0,"g":0.8945529460906982,"b":0.0,"a":1.0},"key2":{"r":0.0,"g":0.0,"b":0.0,"a":0.0},"key3":{"r":0.0,"g":0.0,"b":0.0,"a":0.0},"key4":{"r":0.0,"g":0.0,"b":0.0,"a":0.0},"key5":{"r":0.0,"g":0.0,"b":0.0,"a":0.0},"key6":{"r":0.0,"g":0.0,"b":0.0,"a":0.0},"key7":{"r":0.0,"g":0.0,"b":0.0,"a":0.0},"ctime0":0,"ctime1":65535,"ctime2":0,"ctime3":0,"ctime4":0,"ctime5":0,"ctime6":0,"ctime7":0,"atime0":0,"atime1":65535,"atime2":0,"atime3":0,"atime4":0,"atime5":0,"atime6":0,"atime7":0,"m_Mode":0,"m_NumColorKeys":2,"m_NumAlphaKeys":2},"Type":3},{"GradientName":"Disabled Color","Color":{"serializedVersion":"2","key0":{"r":0.5283018946647644,"g":0.5283018946647644,"b":0.5283018946647644,"a":1.0},"key1":{"r":1.0,"g":1.0,"b":1.0,"a":1.0},"key2":{"r":0.0,"g":0.0,"b":0.0,"a":0.0},"key3":{"r":0.0,"g":0.0,"b":0.0,"a":0.0},"key4":{"r":0.0,"g":0.0,"b":0.0,"a":0.0},"key5":{"r":0.0,"g":0.0,"b":0.0,"a":0.0},"key6":{"r":0.0,"g":0.0,"b":0.0,"a":0.0},"key7":{"r":0.0,"g":0.0,"b":0.0,"a":0.0},"ctime0":0,"ctime1":65535,"ctime2":0,"ctime3":0,"ctime4":0,"ctime5":0,"ctime6":0,"ctime7":0,"atime0":0,"atime1":65535,"atime2":0,"atime3":0,"atime4":0,"atime5":0,"atime6":0,"atime7":0,"m_Mode":0,"m_NumColorKeys":2,"m_NumAlphaKeys":2},"Type":4}]}